date;positive_size;negative_size;neutral_size;size;negative_score;neutral_score;positive_score;score
2022-01-03;0,5;;0,5;4,0;;0,6618961989879608;0,9519197344779968;0,8069079667329788
2022-01-04;1,0;;;1,0;;;0,8079270720481873;0,8079270720481873
2022-01-06;0,5;;0,5;2,0;;0,8728252053260803;0,7213134169578552;0,7970693111419678
2022-01-11;1,0;;;1,0;;;0,9733209013938904;0,9733209013938904
2022-01-21;0,5;;0,5;2,0;;0,7442647218704224;0,9063409566879272;0,8253028392791748
2022-01-22;;;1,0;2,0;;0,7051827907562256;;0,7051827907562256
2022-01-23;0,5;;0,5;2,0;;0,3654520511627197;0,5916537642478943;0,478552907705307
2022-01-25;1,0;;;1,0;;;0,7625454664230347;0,7625454664230347
2022-02-06;;1,0;;1,0;0,5037277340888977;;;0,5037277340888977
2022-02-10;;;1,0;1,0;;0,8386971950531006;;0,8386971950531006
2022-02-17;0,4;;0,6;5,0;;0,6752539674441019;0,8777768313884735;0,7562631130218506
2022-02-18;;;1,0;2,0;;0,889047235250473;;0,889047235250473
2022-02-19;;1,0;;1,0;0,65655517578125;;;0,65655517578125
2022-02-21;;;1,0;1,0;;0,8468133807182312;;0,8468133807182312
2022-02-22;;;1,0;1,0;;0,917145311832428;;0,917145311832428
2022-02-23;;0,25;0,75;4,0;0,8286272287368774;0,7660613457361857;;0,7817028164863586
2022-02-25;;;1,0;1,0;;0,6585256457328796;;0,6585256457328796
2022-02-26;;;1,0;3,0;;0,7697198589642843;;0,7697198589642843
2022-03-01;;;1,0;2,0;;0,707845151424408;;0,707845151424408
2022-03-02;;;1,0;1,0;;0,8853172659873962;;0,8853172659873962
2022-03-03;0,2;0,4;0,4;5,0;0,6367881000041962;0,7869263291358948;0,9150983691215515;0,7525054454803467
2022-03-06;0,6666666666666666;;0,3333333333333333;3,0;;0,8872037529945374;0,6949068009853363;0,7590057849884033
2022-03-07;;0,3333333333333333;0,6666666666666666;3,0;0,7359461188316345;0,5577782094478607;;0,6171675125757853
2022-03-08;0,2;0,4;0,4;10,0;0,6405289769172668;0,6700581759214401;0,6251650750637054;0,6492678761482239
2022-03-09;;0,3333333333333333;0,6666666666666666;3,0;0,60723876953125;0,7654885649681091;;0,7127386331558228
2022-03-10;0,16666666666666666;;0,8333333333333334;6,0;;0,7234598278999329;0,9615119099617004;0,7631351749102274
2022-03-11;;0,25;0,75;4,0;0,6190788745880127;0,692513644695282;;0,6741549521684647
2022-03-12;0,16666666666666666;;0,8333333333333334;6,0;;0,6976995944976807;0,8880172371864319;0,7294192016124725
2022-03-13;0,25;0,25;0,5;4,0;0,9359018206596375;0,8359602987766266;0,9647541642189026;0,8931441456079483
2022-03-14;;;1,0;8,0;;0,7730629071593285;;0,7730629071593285
2022-03-15;0,6666666666666666;;0,3333333333333333;3,0;;0,8766510486602783;0,8372329771518707;0,85037233432134
2022-03-16;0,2222222222222222;;0,7777777777777778;9,0;;0,8605574113982064;0,8203756809234619;0,8516281379593743
2022-03-17;0,09090909090909091;0,2727272727272727;0,6363636363636364;11,0;0,7599489291508993;0,7901686089379447;0,6002558469772339;0,7646620815450494
2022-03-18;0,1111111111111111;;0,8888888888888888;9,0;;0,7601268738508224;0,9594753980636597;0,7822767098744711
2022-03-19;;0,3333333333333333;0,6666666666666666;3,0;0,7949041724205017;0,707573801279068;;0,7366839249928793
2022-03-20;;0,16666666666666666;0,8333333333333334;6,0;0,7593672871589661;0,679814088344574;;0,6930729548136393
2022-03-21;;;1,0;5,0;;0,7336198925971985;;0,7336198925971985
2022-03-22;0,07142857142857142;;0,9285714285714286;14,0;;0,8109729886054993;0,9598196744918823;0,8216048947402409
2022-03-23;;;1,0;7,0;;0,7178912162780762;;0,7178912162780762
2022-03-24;0,3333333333333333;0,6666666666666666;;3,0;0,7059330940246582;;0,5796190500259399;0,6638284126917521
2022-03-25;;0,4444444444444444;0,5555555555555556;9,0;0,6383431702852249;0,6935380220413208;;0,6690069768163893
2022-03-26;0,16666666666666666;0,25;0,5833333333333334;12,0;0,6742436289787292;0,7777223246438163;0,8470717668533325;0,7634108910957972
2022-03-27;;;1,0;3,0;;0,7671738664309183;;0,7671738664309183
2022-03-28;0,14285714285714285;0,14285714285714285;0,7142857142857143;7,0;0,6471792459487915;0,8597342610359192;0,5902383327484131;0,7908698405538287
2022-03-29;0,375;;0,625;8,0;;0,7789145469665527;0,6924008329709371;0,7464719042181969
2022-03-30;0,2;;0,8;10,0;;0,7520712912082672;0,7377824187278748;0,7492135167121887
2022-03-31;0,14285714285714285;0,21428571428571427;0,6428571428571429;14,0;0,8113874991734823;0,6888464556799995;0,8040823042392731;0,7315675147942134
2022-04-01;0,2727272727272727;;0,7272727272727273;11,0;;0,817988932132721;0,8746043642361959;0,8334295045245778
2022-04-02;0,3333333333333333;0,2;0,4666666666666667;15,0;0,7623076637585958;0,719031538282122;0,7580435872077942;0,7406907796859741
2022-04-03;0,2857142857142857;0,19047619047619047;0,5238095238095238;21,0;0,6746026128530502;0,692563306201588;0,8236404259999593;0,726592827410925
2022-04-04;0,1875;0,125;0,6875;16,0;0,7109026908874512;0,7218600565736945;0,6070292989412943;0,698959618806839
2022-04-05;0,25;0,125;0,625;16,0;0,5978942811489105;0,7897207200527191;0,6469733119010925;0,7300555631518364
2022-04-06;0,19230769230769232;0,2692307692307692;0,5384615384615384;26,0;0,8055407064301627;0,7618151392255511;0,734906017780304;0,7684125762719375
2022-04-07;0,21739130434782608;0,4782608695652174;0,30434782608695654;23,0;0,7318952733820135;0,5996209893907819;0,8346404314041138;0,7139737865199214
2022-04-08;0,34210526315789475;0,2894736842105263;0,3684210526315789;38,0;0,7553392133929513;0,7845388225146702;0,8083020861332233;0,7842158416384145
2022-04-09;0,16;0,52;0,32;25,0;0,7444789226238544;0,6592539139091969;0,6178812310099602;0,6969512891769409
2022-04-10;0,13333333333333333;0,16666666666666666;0,7;30,0;0,6784843802452087;0,7413214885053181;0,7985180020332336;0,7384748389323552
2022-04-11;0,07894736842105263;0,21052631578947367;0,7105263157894737;38,0;0,7749380320310593;0,7954185318063807;0,7879037658373514;0,7905135766456002
2022-04-12;0,2;0,17142857142857143;0,6285714285714286;35,0;0,6418336431185404;0,7972763085907156;0,7117699384689331;0,7535277204854148
2022-04-13;0,03125;0,09375;0,875;32,0;0,8626153667767843;0,7782659700938633;0,7355196475982666;0,7848379034548998
2022-04-14;0,3333333333333333;0,2222222222222222;0,4444444444444444;36,0;0,7490959614515305;0,7757786996662617;0,7498429169257482;0,7612039413717058
2022-04-15;0,23076923076923078;0,20512820512820512;0,5641025641025641;39,0;0,6685042567551136;0,7956128689375791;0,7685670256614685;0,7632979590159196
2022-04-16;0,24;0,32;0,44;25,0;0,6790174953639507;0,7219867354089563;0,8392549157142639;0,7363809418678283
2022-04-17;0,3;0,175;0,525;40,0;0,5956541172095707;0,7253040713923318;0,7954400579134623;0,7236561253666878
2022-04-18;0,23404255319148937;0,3191489361702128;0,44680851063829785;47,0;0,6851589977741241;0,714399034068698;0,7831817648627541;0,7211651935222301
2022-04-19;0,22;0,12;0,66;50,0;0,781557247042656;0,7557762536135587;0,7978230687704954;0,7681202721595765
2022-04-20;0,12280701754385964;0,22807017543859648;0,6491228070175439;57,0;0,8225619380290692;0,7295239809397105;0,8197640350886753;0,7618252760485599
2022-04-21;0,1282051282051282;0,1794871794871795;0,6923076923076923;39,0;0,8527535711015973;0,7500962846808963;0,6436486661434173;0,7548748208926275
2022-04-22;0,20454545454545456;0,18181818181818182;0,6136363636363636;44,0;0,6171236634254456;0,7083780290903868;0,8162749343448215;0,7138561477715318
2022-04-23;0,2459016393442623;0,18032786885245902;0,5737704918032787;61,0;0,673586056991057;0,755208785193307;0,7983180761337281;0,7510905778798901
2022-04-24;0,16393442622950818;0,2459016393442623;0,5901639344262295;61,0;0,7219726165135701;0,7280531260702345;0,6934588760137558;0,7208867302683534
2022-04-25;0,16901408450704225;0,2676056338028169;0,5633802816901409;71,0;0,7353430766808359;0,7095186933875084;0,7910285244385401;0,7302057533197
2022-04-26;0,17333333333333334;0,17333333333333334;0,6533333333333333;75,0;0,6467381509450766;0,7458943767207009;0,86812935425685;0,7498946936925253
2022-04-27;0,1896551724137931;0,1724137931034483;0,6379310344827587;58,0;0,8005399286746979;0,7294581097525519;0,8018334995616566;0,7554399628063728
2022-04-28;0,10810810810810811;0,16891891891891891;0,722972972972973;148,0;0,7503590488433838;0,8056167158010964;0,8221139404922724;0,7980661341870153
2022-04-29;0,18;0,1;0,72;150,0;0,7542871236801147;0,8152203134916447;0,8114102836008426;0,8084411891301473
2022-04-30;0,13004484304932734;0,22869955156950672;0,6412556053811659;223,0;0,7309205467794456;0,8012547465887937;0,815588930557514;0,787033433336848
2022-05-01;0,11498257839721254;0,13937282229965156;0,7456445993031359;287,0;0,710694445669651;0,8339285771144884;0,7755207581953569;0,810037206793496
2022-05-02;0,09393939393939393;0,07575757575757576;0,8303030303030303;330,0;0,7332656013965607;0,8741142458289209;0,8384996268057054;0,8600982782515613
2022-05-03;0,24375;0,1125;0,64375;160,0;0,6633428881565729;0,7153460788495333;0,7446468426631048;0,7166377810761333
2022-05-04;0,3220338983050847;0,211864406779661;0,4661016949152542;118,0;0,7115867292881012;0,6891352192922072;0,81135714210962;0,7332514974020296
2022-05-05;0,23157894736842105;0,2631578947368421;0,5052631578947369;95,0;0,6906486511230469;0,7653497171898683;0,7719576399434697;0,7472217977046967
2022-05-06;0,17525773195876287;0,1958762886597938;0,6288659793814433;97,0;0,7682639360427856;0,7519910677534635;0,7667436617262223;0,7577640429599998
2022-05-07;0,13286713286713286;0,14685314685314685;0,7202797202797203;143,0;0,661685722214835;0,697504365907132;0,7583109093339819;0,7003234764495929
2022-05-08;0,175;0,15;0,675;120,0;0,7027124679750867;0,7219683373415912;0,7252999870550065;0,7196629956364632
2022-05-09;0,19298245614035087;0,21929824561403508;0,5877192982456141;114,0;0,7291383194923401;0,6983178560413531;0,7583682509985837;0,7166654023162106
2022-05-10;0,23529411764705882;0,18823529411764706;0,5764705882352941;85,0;0,7302623055875301;0,7266274629806986;0,7763428881764411;0,7390094157527475
2022-05-11;0,22151898734177214;0,2088607594936709;0,569620253164557;158,0;0,7059369123343265;0,7012949761417177;0,7886656131063189;0,7216187494842312
2022-05-12;0,10404624277456648;0,19653179190751446;0,6994219653179191;173,0;0,7106058992007199;0,7112593084327445;0,8128904865847694;0,7217052349809966
2022-05-13;0,075;0,1375;0,7875;160,0;0,6578751287677072;0,7914640912933956;0,7903201133012772;0,7730098105967045
2022-05-14;0,12121212121212122;0,13131313131313133;0,7474747474747475;99,0;0,756593658373906;0,7879408324086988;0,7997389882802963;0,7852546163279601
2022-05-15;0,16176470588235295;0,27941176470588236;0,5588235294117647;68,0;0,7150915672904566;0,7562962394011649;0,8435280377214606;0,758894195451456
2022-05-16;0,21666666666666667;0,15;0,6333333333333333;60,0;0,6710274351967705;0,7770481760564604;0,7982674837112427;0,765742581586043
2022-05-17;0,1958041958041958;0,21678321678321677;0,5874125874125874;143,0;0,6769150543597436;0,7719529008581525;0,722479909658432;0,7416632715221885
2022-05-18;0,24509803921568626;0,23529411764705882;0,5196078431372549;102,0;0,6425858090321223;0,7163788479454113;0,8180644941329956;0,7239387324627709
2022-05-19;0,20652173913043478;0,21739130434782608;0,5760869565217391;92,0;0,6946688458323479;0,7341775562403337;0,687129922603306;0,7158723470309506
2022-05-20;0,17142857142857143;0,2714285714285714;0,5571428571428572;70,0;0,683852986285561;0,7048867520613548;0,753541092077891;0,7075183310679027
2022-05-21;0,2857142857142857;0,25396825396825395;0,4603174603174603;63,0;0,777209922671318;0,7492350586529436;0,81757719318072;0,7758661101734827
2022-05-22;0,16666666666666666;0,2777777777777778;0,5555555555555556;54,0;0,7039261718591054;0,7196460694074631;0,6710058914290534;0,707172734869851
2022-05-23;0,13580246913580246;0,24691358024691357;0,6172839506172839;81,0;0,7102048397064209;0,7861258435249329;0,7569329169663516;0,763415445148209
2022-05-24;0,1504424778761062;0,35398230088495575;0,49557522123893805;113,0;0,7250521510839463;0,7184380197099277;0,8053684970911812;0,7338573415722467
2022-05-25;0,16;0,21333333333333335;0,6266666666666667;150,0;0,7535101473331451;0,7241483593874789;0,7289821046094099;0,7311856067180633
2022-05-26;0,13548387096774195;0,4;0,4645161290322581;155,0;0,7249372596702268;0,7071842344270812;0,7421043075266338;0,7190165512023433
2022-05-27;0,18181818181818182;0,3465909090909091;0,4715909090909091;176,0;0,7277089406232364;0,6613296478627676;0,7692534299567342;0,7039586131206967
2022-05-28;0,1111111111111111;0,2777777777777778;0,6111111111111112;90,0;0,7259569609165192;0,6893668250604109;0,7842567682266235;0,7100740787055757
2022-05-29;0,12790697674418605;0,47093023255813954;0,4011627906976744;172,0;0,7117750055995988;0,6582287532695825;0,7340877855365927;0,6931482018079869
2022-05-30;0,10526315789473684;0,42105263157894735;0,47368421052631576;38,0;0,7069384194910526;0,6964235570695665;0,7947594746947289;0,7112020167865252
